{
    "Notif": {
        "channel": "https://i.ibb.co/KbfDFN1/1657636839741.jpg",
        "creator": "line://nv/profilePopup/mid=uadef1340887c690dfad8b5307adcecf1",
        "poppup": "line://nv/profilePopup/mid=uadef1340887c690dfad8b5307adcecf1",
        "tempnotif": "Anda dihapus dari group"
    },
    "Sider": {
        "bgsider": "#000000",
        "garisider": "#00FFFF",
        "iconsider": "https://i.ibb.co/KbfDFN1/1657636839741.jpg",
        "imagesider": "https://i.ibb.co/KbfDFN1/1657636839741.jpg",
        "labelsider": "𝑺 𝑰 𝑫 𝑬 𝑹",
        "textsider": "#00FFFF"
    },
    "call": {
        "garis": "#808080",
        "image": "https://i.ibb.co/KbfDFN1/1657636839741.jpg",
        "labeltext": "TEAM TERMUX V 13",
        "warnalabel": "#000000",
        "warnatext": "#FFFFFF"
    },
    "footer": {
        "image": "https://i.ibb.co/KbfDFN1/1657636839741.jpg",
        "poppup": "line://nv/profilePopup/mid=uadef1340887c690dfad8b5307adcecf1",
        "text": "TEAM TERMUX V 13"
    },
    "menu": {
        "Bg": "#000000",
        "Garis": "#00FF00",
        "Warnatext": "#00FFFF",
        "icon": "https://i.ibb.co/8xfhTPC/IMG-20210614-021245.jpg",
        "image": "https://i.ibb.co/rtbqgD6/images-47.jpg",
        "anim": "https://i.ibb.co/KbfDFN1/1657636839741.jpg",
        "labeltext": "TEAM TERMUX V 13",
        "warnalabel": "#000000",
        "warnatextlabel": "#00FFFF",
        "warnatextnikname": "#00FF00"
    }
}